Albert,Zhao,june_guo@yahoo.com
Melia,Young,kaleimomi@sbcglobal.net
Evan,Yanaga,dyanaga@sbcglobal.net
Tyler,Woo,dexjwoo@yahoo.com
Harry,Winer,alice@bigchief.com
Mischa,Weltz,Patricia.WeltzDO@gmail.com
Jake,Webster,jwebs5@sbcglobal.net
Eric,Wagenbrenner,swagenbr@cisco.com
Jason,Vanoncini,davev@gvakm.com
Jordan,Valentino,lorivalentino@yahoo.com
Gray,Tynefield,jtynefield@gmail.com
Michael,Tucker,dbtucker@cal.berkeley.edu
Matthew,Tseng,ktseng@orrick.com
Gregory,Tsao,caroltsao@me.com
Andrew,Truong,jrlt@yahoo.com
Luke,Trill,tt@tomtrill.com
Carson,Trail,jonathantrail@stanfordalumni.org
Marco,Torres,ttorres2484@yahoo.com
Will,Temme,ctemme@gmail.com
Dylan,Taylor-Hawk,cchawk@gmail.com
Joshua,Swidler,gxhemali@yahoo.com
Keaton,Sullivan,csullivan@turn2solutions.com
Jake,Stratz,ckstratz@yahoo.com
Max,Starreveld,registration@searanch.com
William,Stanley,peters@svpal.org
Jackson,Sousa,shingalo@ix.netcom.com
Ryan,Song,sunnysongx@yahoo.com
Patrick,Snedden,esnedden@comcast.net
Tristan,Silveira,SLONG@WSGR.COM
Andrew,Scott,andreascott89@yahoo.com
Branko,Sciortino,dsciortino@yahoo.com
Gavin,Ryder,staceyryder@mac.com
Romtin,Rezvani,amir-rezvani@sbcglobal.net
Sameer,Prakash,vidul_prakash@yahoo.com
Dylan,Pham,alexp@tibco.com
Josh,Pennington,john.pennington@hp.com
Jake,Pappas,Liesa@tlwind.com
Kamran,Pakravan,farhadp@cisco.com
Cian,O'Brien,maryann.obrien@gmail.com
Jeremy,Noel,chouze24@yahoo.com
alec,neilly,lianer1@yahoo.com
Tony,Nardelli,arifa.nardelli@gmail.com
Reuben,Narad,jrnarad@earthlink.net
Derek,Murphy,jcdrm@yahoo.com
Nathan,Moy,fredmoy@msn.com
Zachary,Moran,ed_m_95110@yahoo.com
luke,miyaki,dougmiyaki@hotmail.com
Naveen,Mirapuri,rmirapuri@yahoo.com
Rodrick,McGee Jr,ROD_MACK@YAHOO.COM
Sean,Lyon,mc@lyonfamily.org
Michael,Love,robbobin67@aol.com
Connor,Lien,lhlien@yahoo.com
Matthew,Legates,bryan.legates@juno.com
Max,Lee,dlee@orrick.com
Brandon,Lee,timothylee@aol.com
Miles,Lang,bethvanschaack@yahoo.com
Jared,Krawitz,art.woods@comcast.net
Connor,Klaassen,tinaklaassen@yahoo.com
Adrien,Kim,helven@aol.com
conner,kendall,cynthia@karr.com
Ryan,Kawahara,angelahum@gmail.com
Adam,Kasser,jkasser@yahoo.com
Eric,Jones,jonesfamily5@sbcglobal.net
Kai,Jennings,moniv818@yahoo.com
Karan,Jaggi,usingh@stanford.edu
Walter,Ip,teresa.sy.lee@gmail.com
Jeremy,Hsu,lloyd_hsu@yahoo.com
Will,Hooper,nedhooper@sbcglobal.net
Cary,Higgins,jgold@mofo.com
Logan,Herman,hermanhaus4@comcast.net
Benjamin,Heppberger,mheppberger@yahoo.com
Patrick,Hecht,hecht.anne@gmail.com
Jefferson,Hampton,chmail04-gen@yahoo.com
Conrad,Haeckl,rhaeckl@gmail.com
Josh,Greenstein,michael.greenstein@comcast.net
Riley,Glazebrook,holly.glazebrook@lmco.com
Aaron,Gitin,ecc123@comcast.net
Adam,Gerson,elysegerson@gmail.com
Rayan,Gendre,agendre@me.com
Juan Pablo,Garcia,titams1@hotmail.com
David,Gallagher,lorraine_zhang@yahoo.com
Joseph,Gallagher,fred@fredgallagher.com
Trevor,Folden,talk2aim@gmail.com
Theo,Ferrell,sophie4re@yahoo.com
Jay,Fazioli,nvfazioli@hotmail.com
Andrew,Doeden,kkimd@sbcglobal.net
Nathan,DeGraaff,jenwald@yahoo.com
Peter,Daseking,jcdaseking@sbcglobal.net
Elena,Dagan,maxoccupancy@sbcglobal.net
John,Cummings,JCandTonya@aol.com
Ryan,Correia,scorreia@stanfordmed.org
Adam,Cohan,jcohan@alum.mit.edu
Dylan Sky,Clancy,dclancy@google.com
AIDAN,CHOI,achoi411@yahoo.com
Luke,Cho,a_cho@sbcglobal.net
Hunter,Cheng,thmscheng@yahoo.com
Zachary,Chen,chienchengchen@gmail.com
Teddye,Buchanan,bun10032002@yahoo.com
Anson,Bridges,bridges.bruce@gmail.com
Andreas,Brey,cjbrey@gmail.com
Miles,Blake,rblake@wsgr.com
Andrew,Bice,lamvbice@gmail.com
Jacob,Beyer,thedogstarfan@yahoo.com
Aran,Belson,amir.belson@stanford.edu
Jeremy,Banks,cjjjbanks@comcast.net
Tamur,Asar,adnan_asar@yahoo.com
Jack,Armanini,armaninifamily@aol.com
Brent,Abe-Titcomb,s_titcomb@yahoo.com
Shaunat,Puri,bindiyakhanna@gmail.com
