siema,zia,siema_m70@hotmail.com 
Oliver,Yu,lihhuah@yahoo.com 
Jacob,Wunderling,ruthiewunderling@sbcglobal.net 
Luke,Wunderling,ruthiewunderling@sbcglobal.net 
Lucas,Woo,dexjwoo@yahoo.com 
Barrett,Wong,mymw88@gmail.com 
Kyler,Wong,chadsw@comcast.net 
Alex,Wong,patsy@apeva.com 
Oscar,Witt,lesleylondon2001@yahoo.co.uk 
Bryan,Wiley,nancytatumwiley@yahoo.com 
Isaac,Wilcove,brian@wilcove.com 
Tyler,Wenke,laura@laurawenke.com 
Felix,Weber,claudia.weber@innovature.com 
Alexander,Wear,wear_jill@hotmail.com 
Saiyash,Vishnubhatt,shenba@vmware.com 
Alex,Villablanca,gilda@iis.ee.ethz.ch 
Noah,Van Horne,elisemaar@yahoo.com 
Alex,Valentini,suzyv@sonic.net 
Sean,Tolland,btolland@tbdconsultants.com 
Jamie,Tolland,btolland@tbdconsultants.com 
Trace,Thompson,thethompsons99@yahoo.com 
Sammy,Thome,cander3229@yahoo.com 
Joshua,Tan,joe@tangroup.com 
Yegor,Svirsky,lesiko@yahoo.com 
Ethan,Stone,ericstone@hotmail.com 
Trevor,Stick,coreystick@yahoo.com 
Greggory,Steiner,jack@siliconvalleydivorce.com 
Trent,Steffen,plsteffen@comcast.net 
Jackson,Steffen,plsteffen@comcast.net 
Robert,Stanley,peters@svpal.org 
Niko,Sorich,sorich72@gmail.com 
Alec,Song,sunnysongx@yahoo.com 
Rayan,Singh,pursonal@gmail.com 
Danny,Shum,maulam_shum@yahoo.com 
Sage,Shepherd,mark@heartwoodwd.com 
Ethan,Shaotran,v@vshao.com 
Bryce,Seymour,seymourrock@gmail.com 
Sam,Schube,saritschube@gmail.com 
Ryan,Schmiesing,lschmiesing@gmail.com 
Andrew,Schatz,pschatz4@comcast.net 
Milana,Sarathy,wsarathy@yahoo.com 
Enzo,Sapojnikoff,jessicaruiz@mac.com 
Andrew,Runke,ponybb@runke.org 
Gabriel,Rosenberg,FLOROSEN4@GMAIL.COM 
James,Rodwell,mcrodwell@gmail.com 
Tom,Roberts,ruthroberts28@gmail.com 
david,rizkalla,krizkalla@comcast.net 
Charlie Max,Reynolds,thereynoldsfamily@rocketmail.com 
Andrew,Reilly,barkerreilly@sbcglobal.net 
Ben,Ramans,Kerrie@Ramanz.com 
Aaron,Ragen,kent@ecounit.com 
Cole,Rademacher,stacy0228@yahoo.com 
Nicholas,Pugh,carol.pugh@pobox.com 
Megan,Porter,leslie@porterconsulting.net 
Svetlana,Porter,leslie@porterconsulting.net 
Evan,Pomeroy,kim_pomeroy@hotmail.com 
Matthew,Plambeck,plambeck@gmail.com 
Lucas,Persyn,dpersyn@ctbt.com 
Jason,Penilla,annepenilla@hotmail.com 
Jameson,Paull,gymrat40@ymail.com 
nicholas,panaccione,jap8@tmw.com 
Luke,Palmbush,Palmbushfamily@yahoo.com 
Dominic,Paga,krispaga@gmail.com 
Cheston,Opsasnick,theopsasnicks@gmail.com 
markus,olsson,olsson_jeanette@yahoo.com 
Thomas,Ngai,dannyngai@rocketmail.com 
Sohil,Nadarajan,shilpa_gupte@yahoo.com 
Sam,Mozer,losmozers@aol.com 
Joshua,Motogawa,kaijakemom@yahoo.com 
Nicolas,Morales,james.morales@hp.com 
Maximo,Morales,moralescf@yahoo.com 
Jack,Miller,jmbmiller@yahoo.com 
Quinton,Mastropietro,nscorps@hotmail.com 
Tyler,Marlett,vichin@cisco.com 
Elias,Mandegarian,mmandegarian@yahoo.com 
Anthony,Maida,bfanibanda@gmail.com 
Ian,Ma,leonma@yahoo.com 
Zachary,Lyon,mc@lyonfamily.org 
Corey,Lynch,pennyandpaullynch@comcast.net 
Bailey,Lunn,b.lunn@comcast.net 
Francisco,Lucca,gaudi@finaresources.com 
Francisco,Lopez,llopez@mvwsd.org 
Daniel,Longyear,ulric@longyear.net 
Jonathan,Liu,pei_huang@yahoo.com 
Josh,Lillie,coachlillie@gmail.com 
Tyler,Lesly,art.woods@comcast.net 
Maxwell,Leonard,lorleonard@yahoo.com 
Jonathan,Lee,slee@stanfordalumni.org 
Spencer,Lee,rleetime@yahoo.com 
Dylan,Lee,ddadlee@sbcglobal.net 
Trevor,Lawless,kathrynlawless@yahoo.com 
Andrew,Lau,drhelenyau@yahoo.com 
Mitchel,Lau,jlau98@yahoo.com 
Andrew,Lancaster,hlancast@yahoo.com 
Andrew,Kestler,viks@sbcglobal.net 
Jacques,Kaweski,tkaweski@hotmail.com 
Connor,Kane,dankane@pacbell.net 
Henry,Jonas,maryhealyj@yahoo.com 
Oren,Joffe,enjoffe@gmail.com 
Cristian,Inocencio,aainocencio@yahoo.com 
Ethan,Huang,Juliefeng@sbcglobal.net 
Joseph,Huang,shirleyhuang2003@yahoo.com 
Adam,Hollingworth,jennyhollingworth@comcast.net 
Carson,Holleb,kholleb@dga-mv.com 
Matthew,Hoke,lindakob@comcast.net 
Luke,Hofstetter,kendallhof@gmail.com 
J.T.,Herren,herren.jimmy@gmail.com 
Ethan,Haus,spinmin@yahoo.com 
Neil,Hanson,shock1999@yahoo.com 
dolan,hamilton,jennifer.mcauley@att.net 
Jacob,Halabe,clchin2003@sbcglobal.net 
Christopher,Guzik,klguzik@gmail.com 
Matthew,Guibord,trinka@guibord.net 
Matthew,Gremett,gremett_family@yahoo.com 
James,Good,velo27@yahoo.com 
Benjamin,Glaser,joshear1@yahoo.com 
Matthew,Giusti,sgiusti@me.com 
Gabriel,Gicale,3gicaleboys@gmail.com 
Aidan,Gefken,lsandreoni@aol.com 
Colin,Geffon,kathywalsh2@mac.com 
James,Garlick,garlicimo@sbcglobal.net 
Keller,Gammons,christine.gammons@gmail.com 
Brady,Galiotto,dlgaliotto@comcast.net 
Zach,Gabrielson,baran_joyce@cusdk8.org 
Justin,Fry,fryhouse@earthlink.net 
John,Frazier,jimfrazier@covad.net 
Anthony,Fravala,nickfravala@comcast.net 
Oliver,Franco,bfranco7@sbcglobal.net 
John,Founds,bfounds@sbcglobal.net 
Michael,Fong,littlemacs@sbcglobal.net 
Owen,Fliess,fliess1@yahoo.com 
Luke,Fletcher,cindy@fletcherhome.net 
Noah,Fischer,david.fischer@gmail.com 
Connor,Fingles,fay@itswired.com 
Jaren,Figueiredo,mrf_law@yahoo.com 
Malakhi,Ferreira,aferreiram6@yahoo.com 
Jackson,Faria,dan.joseph.faria@medtronic.com 
Dov,Factor,anniehgoldstein@gmail.com 
AJ,Eways,meways@yahoo.com 
William,Erf,franke@yahoo.com 
Nicholas,Elich,steve.elich@gmail.com 
Julian,Durach,petra.durach@gmail.com 
Timothy,Doyel,julie_doyel@yahoo.com 
Jace,DeGraaff,jenwald@yahoo.com 
Dominic,D'Augusta,gda@d3netx.com 
Cruz,D'Antonio,kimmee@mindspring.com 
quinlan,corsiglia,sabinacorsiglia@sbcglobal.net 
Hudson,Cockroft,jc96@pacbell.net 
Colin,Chow,drkchow@yahoo.com 
Lance,Chou,tchou82788@aol.com 
Ajeet,Chohan,ravichohan@gmail.com 
Evan,Cheng,cwhong888@yahoo.com 
DYLAN,CHEN,AMAGPAYOCHEN@GMAIL.COM 
navi,chawla,veegchawla@hotmail.com 
Caden,Chang,arthurc@gene.com 
Jason,campbell,DIRK6370@YAHOO.COM 
Dennis,Callahan,callahanpb@yahoo.com 
Joseph,Brown,allieflanders@gmail.com 
Nolan,Bridges,bridges.bruce@gmail.com 
Carter,Brady,lance.e.brady@gmail.com 
Jacob,Boyce,lboyce@byu.net 
John,Bowers,BruceRBowers@gmail.com 
John,Boennighausen,kt_ryan@yahoo.com 
Cameron,Bertolet,danbertolet@yahoo.com 
Matthew,Bennion,paigebennion@gmail.com 
Neil,Balch,lfbalch@yahoo.com 
Lance,Baker,gary.j.baker@lmco.com 
Ryan,Bahar,poupaki@gmail.com 
Cameron,Bachman,steve@stevebachman.com 
Joel,Arcune,arcplumb@yahoo.com 
Aris,Antoniadis,homera@pacbell.net 
Connor,Allan,david_allanus@yahoo.com 