Nicholas,Wong,leksich628@yahoo.com
Henry,Wang,jeanchen1968@hotmail.com
Freddy,von Oepen,r.oepen@sbcglobal.net
Surya,Vishnubhatt,shenba@vmware.com
Madison,Valentino,lorivalentino@yahoo.com
Jabari,Turner,quetta80@yahoo.com
Derrick,Turner,joseph_r_turner@yahoo.com
Lucas,Tomasello,robin.tomasello@palm.com
Sam,Tobin,jeff.tobin2@comcast.net
Noah,Thurm,scott.thurm@wsj.com
Ryan,Swearingen,cathy@dxm.com
Gavin,Stockton,spifer@ymail.com
Ethan,Starr,barry_94040@yahoo.com
TYLER,ST LAURENT,thestlaurents@gmail.com
Varun,Sriram,h09sriram@yahoo.com
Casey,Smith,kssmith@stanford.edu
Will,Smith,hilaryhsmith@gmail.com
Ryan,Siu,simonsiu@gmail.com
Devon,Sinha,sinha.sumi@gmail.com
David,Shan,jshan999@yahoo.com
Jason,Sandell,thesandells@gmail.com
Jack,Resnick,resnick26@yahoo.com
Kyle,Remahl,thomas@remahl.com
Robert,Quigley,gquigley@smuhsd.org
Alex,Pun,yvonne_yung@yahoo.com
Doug,powers,neilpowers58@gmail.com
Frank,Polisso,npolisso@yahoo.com
Ben,Peterson,scottp100@gmail.com
Sebastian,Pelayo,lee.pelayo@citi.com
Jayme,Owen,debralowen@sbcglobal.net
Danny,Olsen,carterolsen@yahoo.com
Jared,Norris,jnorris@svb.com
Maximilian,Nelson,gingern@microsoft.com
Justin,Nam,dereknam@yahoo.com
Shane,Mujica,pam.mujica@hp.com
Jakob,Motogawa,kaijakemom@yahoo.com
Zachary,Moore,angmoore@earthlink.net
Andrew,Mo,c3085mo@gmail.com
Trevor,Miller,scottelyse@sbcglobal.net
Timothy,McAfee,ajmcafee@mac.com
antonio,matusich,mike@baggengineers.com
Liam,Magee,ldangphan@hotmail.com
Neal,Lund,garde_lund@sbcglobal.net
Nathan,Lue,roselue@gmail.com
Tommy,Lindstrom,jenlind70@yahoo.com
Christopher,Lewis,Karib.lewis@sbcglobal.net
William,Lepesh,lepesh5@comcast.net
Ryan,Lee,kuoec@yahoo.com
Jake,LeBlanc,luckylaurac@hotmail.com
Ryan,Laurenzano,frank.laurenzano@lmco.com
Matthew,Larson,d19591@earthlink.net
Anthony,Landphere,matooka@earthlink.net
Trevor,Lambertson,r.t.lambertson@ieee.org
Nicholas,Krystynak,krystynak@yahoo.com
Mitchell,Kita,kita4teeth@aol.com
Theodore,Khuong,chi_h_khuong@comcast.net
Anthony,Katwan,akatwan@yahoo.com
Cameron,Jones,jkjonesfamily@yahoo.com
Tyler,Johnson,betsyajohnson@gmail.com
Stephen,Johnson,ericnj@stanford.edu
Jake,Israni,vijayisrani@yahoo.com
James,Hoyt,waynehoyt@sbcglobal.net
Jackson,Hoke,lindakob@comcast.net
Matthew,Heymann,karengowest@aol.com
Brandt,Hedgpeth,dhedgpeth@sbcglobal.net
Jason,Halden,dhalden1@earthlink.net
Trevor,Goodwin,nicole-lamvpb@goodwinz.net
Nathaniel,Geiger,lgeiger@winthropgrp.com
Kyle,Geffon,kathywalsh2@mac.com
Will,Fimbres,dreeemboat@aol.com
Nathan,Fairbanks,mattkfairbanks@gmail.com
Zachary,Espiritu,TONYESPIRITU@YAHOO.COM
Maxim,Edelson,dre@edelsonassoc.com
Jason,Dullaghan,jimdullaghan@gmail.com
Will,Dominguez,alice@smooth-ops.com
James,Doherty,Sue@dixoncottage.com
Conner,Demo,murray.demo@yahoo.com
Justin,Dea-Mattson,wendy@dea-mattson.com
Kieran,Dawson,dawsonwu@rahul.net
Douglas,Dahm,bonniedahm@yahoo.com
J.D,Coyne,mb.coyne@comcast.net
Aran,cox,fi-tony@pacbell.net
Mason,Conroy,tanya36@gmail.com
Jarrett,Conkin,r.conkin@comcast.net
Caleb,Charonnat,bruchar@gmail.com
Philip,Carey,mvcareys@pacbell.net
Braden,Call,carolynfcall@yahoo.com
Nicholas,Cabot,mark_cabot@hotmail.com
Ian,Byun,cinbyun@yahoo.com
Joe,Burgess,cheri.burgess@gmail.com
Justin,Bosset,sbosset@yahoo.com
Christopher,Boennighausen,kt_ryan@yahoo.com
Nikhil,Bapat,sbapat@gmail.com
Cole,Baker,wyorox@gmail.com
Alex,Atler,dmatler@yahoo.com
Connor,Altinger,jaltinger@yahoo.com
Thomas,Ahrens,jbahrens2002@yahoo.com
