Brighton,Zubrick,mccrowder@sbcglobal.net
Matthew,Zepeda,mayzepeda@yahoo.com
Victor,Yu,lihhuah@yahoo.com
Chandler,Yu,william.j.yu@gmail.com
Scott,Young,byroncyoung@sbcglobal.net
Matthew,Wood,gerriwd@gmail.com
Nathaniel,Wipfler,wipfler1@apple.com
Mark,Ware,jaware1@gmail.com
Alex,Wagenbrenner,swagenbr@cisco.com
Vincent,Vidovich,mikevidovich@aol.com
Nicholas,Vallner,dvallner@msn.com
Shane,Tomac,pstomac@sbcglobal.net
Andrew,Tey,ronnytey@yahoo.com
Neville,Taraporevala,ferozet@synopsys.com
Patrick,Tandy,tandy.kathleen@gmail.com
Vignesh,Suresh,roh12@pacbell.net
Anand,Subramanyan,bsubbu@sbcglobal.net
Alexander,Stein,daphnebstein@gmail.com
Christopher,Smith,Msmith8513@msn.com
ryan,sloan,italiandelila@yahoo.com
Elliot,Simons,easportkid@gmail.com
William,Scott,andreascott89@yahoo.com
Wilson,Schiller,bbwc@sbcglobal.net
Rohan,Sarathy,wsarathy@yahoo.com
Kyle,Sandell,thesandells@gmail.com
Nolan,Rudolph,gdrudolph@comcast.net
Sam,Ruben,laralruben@gmail.com
Braydon,Ross,clayandrachel@hotmail.com
Thomas (Tommy),Resnick,resnick26@yahoo.com
John,Rebagliati,sreb@sbcglobal.net
Chris,Rebagliati,sreb@sbcglobal.net
Bryan,Rau,krau4mail@gmail.com
Lucas,Ragen,kent@ecounit.com
Garrett,Potter,kopotter@yahoo.com
Jacob,Porter,leslie@porterconsulting.net
Jake,Phillips,mphillips@ccarey.com
Joe,Perrino,d_perrino@msn.com
Ryan,Patterson,jennyjp@mindspring.com
Aidan,Parry,heather@parryweb.com
Laurence,Palmer,palmerjd@mac.com
Jacob,Orlov,briano@brianorlovphoto.com
Jamie,Olsen,carterolsen@yahoo.com
Max,Nunley,annnunley@gmail.com
Lars,Nelson,gingern@microsoft.com
Rossten,Nakamura,stacygailraro@yahoo.com
Aditya,Nag,sudipnag@sbcglobal.net
Taylor,Musick,musickdt@msn.com
Luke,Mujica,pam.mujica@hp.com
Owen,Mountford,jamesdesrosier@yahoo.com
Andres,Morales,james.morales@hp.com
Martin,Mitchel,rkmitchel@comcast.net
Conor,Miller,gmiller@cisco.com
Matthew,Michaels,reneeaalgaard@yahoo.com
Liam,Metzger,joe@vmstek.com
Justin,McWard,none@none.com
Matthew,McTighe,kmctighe@cisco.com
Jack,McGrath,pegmcfam@sbcglobal.net
Matt,McDermott,ecmcdermott@comcast.net
Nathan,Martinez,jmarmart@yahoo.com
Camron,Martin,j_martin@pacbell.net
Ryan,Lund,garde_lund@sbcglobal.net
Jake,Lillie,coachlillie@gmail.com
Kyler,Lessing,sharonlessing@mac.com
Simon,Lee,jinah23@hotmail.com
Noah,Kjos,todd.kjos@gmail.com
Josh,Kirshenbaum,evan.kirshenbaum@gmail.com
William,Kenyon,rkenyon@lasdschools.org
Sami,Katwan,akatwan@yahoo.com
Justin,Kasser,jkasser@yahoo.com
Rohan,Kapur,geetuverma@yahoo.com
Brendan,Kane,dankane@pacbell.net
Arun,Jog,jogvn@yahoo.com
Brendan,Hughes,scottahughes@comcast.net
David,Hou,ffzhao2002@yahoo.com
Daniel,Hollenbaugh,dianehollenbaugh@comcast.net
Simon,Heck,larry_heck@yahoo.com
Andrew,Haslem,dhaslem@comcast.net
Schuyler,Harris,spwspw@gmail.com
Joshua,Gumm,robert.l.gumm@us.pwc.com
Jivan,Gubbi,sgubbi@yahoo.com
Austin,Groseclose,geoff.g@earthlink.net
Tyler ,Gonzalez,gonzorello@msn.com
Kyle,Godfrey,godfreys@comcast.net
Jacob,Gitin,ecc123@comcast.net
Jack,Germain,jane.germain@yahoo.com
Samantha ,Garlick,garlicimo@sbcglobal.net
Grant,Gambetta,doug.gambetta@comcast.net
Nicholas,Fravala,nickfravala@comcast.net
Carter,Fox,family_fox@comcast.net
Devon,Foody,moc@sterlingpr.com
Shane,Folden,talk2aim@gmail.com
Brian ,Field,burt.field@gmail.com
Ori,Faigon,anat@yendor.com
Gregory,Eum,jayeum@yahoo.com
Richard,Elder,kirsti.elder@gmail.com
Charlie,Eggleton,keggleton@wsgr.com
Will,Edgecumbe,eedgecum@specialized.com
Shawn,Dumov,adumov@sbcglobal.net
Connor,Doyle,kerwin75@yahoo.com
Colin,Dickerson,kvdickerson@hotmail.com
Justin,Culpepper,denise.brodersen@ubs.com
Sean,Costello,jlin_costello@yahoo.com
Vincent,Colodny,dcolodny@yahoo.com
Thomas,Clark,lincolnclark@kpmg.com
Joseph,Chen,bchen@synopsys.com
Tyler,Chaffee,chaffee2004@comcast.net
Ian,Caldecott,marita.caldecott@yahoo.com
Ryan,Buchner,terri.buchner@gmail.com
Boran,BOZDUMAN,ersan_bozduman@yahoo.com
Michael,Bowers,BruceRBowers@gmail.com
Peter,Boennighausen,mboennig@yahoo.com
Cullen,Blanchfield,cjyankees@gmail.com
Chase,Bishop,emilytbish@yahoo.com
Tommy,Berchem,jimberchem@aol.com
Scott,Baker,gbaker@scu.edu
Jai,Austin,kirsti.elder@gmail.com
Jordan,Auerbach,daa717@comcast.net
Joshua,Atler,dmatler@yahoo.com
Jack,Arnold,jack@infinity99.com
Jack,Ahrens,jbahrens2002@yahoo.com
Madison,Valentino,lorivalentino@yahoo.com
Preston,Lee,rleetime@yahoo.com
Nicholas,Krystynak,krystynak@yahoo.com
Ryan,Hammell,thehammells@comcast.net
Devon,Foody,mike@foodyoconnor.net
Jason,Dong,joyce.dong@sbcglobal.net
Sam,Binesh,bizhanb@gmail.com
